Date,fire_rune
2008-05-20,9
2008-05-21,9
2008-05-22,9
2008-05-23,9
2008-05-24,9
2008-05-25,9
2008-05-26,9
2008-05-27,9
2008-05-28,9
2008-05-29,9
2008-05-30,9
2008-05-31,9
2008-06-01,9
2008-06-02,9
2008-06-03,9
2008-06-04,9
2008-06-05,9
2008-06-06,9
2008-06-07,9
2008-06-08,9
2008-06-09,9
2008-06-10,9
2008-06-11,9
2008-06-12,9
2008-06-13,9
2008-06-14,9
2008-06-15,9
2008-06-16,9
2008-06-17,9
2008-06-18,9
2008-06-19,9
2008-06-20,9
2008-06-21,9
2008-06-22,9
2008-06-23,9
2008-06-24,9
2008-06-25,9
2008-06-26,9
2008-06-27,9
2008-06-28,9
2008-06-29,9
2008-06-30,9
2008-07-01,9
2008-07-02,9
2008-07-03,9
2008-07-04,9
2008-07-05,9
2008-07-06,9
2008-07-07,9
2008-07-08,9
2008-07-09,9
2008-07-10,9
2008-07-11,9
2008-07-12,9
2008-07-13,9
2008-07-14,9
2008-07-15,9
2008-07-16,9
2008-07-17,9
2008-07-18,9
2008-07-19,9
2008-07-20,9
2008-07-21,9
2008-07-22,9
2008-07-23,9
2008-07-24,9
2008-07-25,9
2008-07-26,9
2008-07-27,9
2008-07-28,9
2008-07-29,9
2008-07-30,9
2008-07-31,9
2008-08-01,9
2008-08-02,9
2008-08-03,9
2008-08-04,9
2008-08-05,9
2008-08-06,9
2008-08-07,9
2008-08-08,9
2008-08-09,9
2008-08-10,9
2008-08-11,9
2008-08-12,9
2008-08-13,9
2008-08-14,9
2008-08-15,9
2008-08-16,9
2008-08-17,9
2008-08-18,9
2008-08-19,9
2008-08-20,9
2008-08-21,9
2008-08-22,9
2008-08-23,9
2008-08-24,9
2008-08-25,9
2008-08-26,9
2008-08-27,9
2008-08-28,9
2008-08-29,9
2008-08-30,9
2008-08-31,9
2008-09-01,9
2008-09-02,9
2008-09-03,9
2008-09-04,9
2008-09-05,9
2008-09-06,9
2008-09-07,9
2008-09-08,9
2008-09-09,9
2008-09-10,9
2008-09-11,9
2008-09-12,9
2008-09-13,9
2008-09-14,9
2008-09-15,9
2008-09-16,9
2008-09-17,9
2008-09-18,9
2008-09-19,9
2008-09-20,9
2008-09-21,9
2008-09-22,9
2008-09-23,9
2008-09-24,9
2008-09-25,9
2008-09-26,9
2008-09-27,9
2008-09-28,9
2008-09-29,9
2008-09-30,9
2008-10-01,9
2008-10-02,9
2008-10-03,9
2008-10-04,9
2008-10-05,9
2008-10-06,9
2008-10-07,9
2008-10-08,9
2008-10-09,9
2008-10-10,9
2008-10-11,9
2008-10-12,9
2008-10-13,9
2008-10-14,9
2008-10-15,9
2008-10-16,9
2008-10-17,9
2008-10-18,9
2008-10-19,9
2008-10-20,9
2008-10-21,9
2008-10-22,9
2008-10-23,9
2008-10-24,9
2008-10-25,9
2008-10-26,9
2008-10-27,9
2008-10-28,9
2008-10-29,9
2008-10-30,9
2008-10-31,9
2008-11-01,9
2008-11-02,9
2008-11-03,9
2008-11-04,9
2008-11-05,9
2008-11-06,9
2008-11-07,9
2008-11-08,9
2008-11-09,9
2008-11-10,9
2008-11-11,9
2008-11-12,9
2008-11-13,9
2008-11-14,9
2008-11-15,9
2008-11-16,9
2008-11-17,9
2008-11-18,9
2008-11-19,9
2008-11-20,9
2008-11-21,9
2008-11-22,9
2008-11-23,9
2008-11-24,9
2008-11-25,9
2008-11-26,9
2008-11-27,9
2008-11-28,9
2008-11-29,9
2008-11-30,9
2008-12-01,9
2008-12-02,9
2008-12-03,9
2008-12-04,9
2008-12-05,9
2008-12-06,9
2008-12-07,9
2008-12-08,9
2008-12-09,9
2008-12-10,9
2008-12-11,9
2008-12-12,9
2008-12-13,9
2008-12-14,9
2008-12-15,9
2008-12-16,9
2008-12-17,9
2008-12-18,9
2008-12-19,9
2008-12-20,9
2008-12-21,9
2008-12-22,9
2008-12-23,9
2008-12-24,9
2008-12-25,9
2008-12-26,9
2008-12-27,9
2008-12-28,9
2008-12-29,9
2008-12-30,9
2008-12-31,9
2009-01-01,9
2009-01-02,9
2009-01-03,9
2009-01-04,9
2009-01-05,9
2009-01-06,9
2009-01-07,9
2009-01-08,9
2009-01-09,9
2009-01-10,9
2009-01-11,9
2009-01-12,9
2009-01-13,9
2009-01-14,9
2009-01-15,9
2009-01-16,9
2009-01-17,9
2009-01-18,9
2009-01-19,9
2009-01-20,9
2009-01-21,9
2009-01-22,9
2009-01-23,9
2009-01-24,9
2009-01-25,9
2009-01-26,9
2009-01-27,9
2009-01-28,9
2009-01-29,9
2009-01-30,9
2009-01-31,9
2009-02-01,9
2009-02-02,9
2009-02-03,9
2009-02-04,9
2009-02-05,9
2009-02-06,9
2009-02-07,9
2009-02-08,9
2009-02-09,9
2009-02-10,9
2009-02-11,9
2009-02-12,9
2009-02-13,9
2009-02-14,9
2009-02-15,9
2009-02-16,9
2009-02-17,9
2009-02-18,9
2009-02-19,9
2009-02-20,9
2009-02-21,9
2009-02-22,9
2009-02-23,9
2009-02-24,9
2009-02-25,9
2009-02-26,9
2009-02-27,9
2009-02-28,9
2009-03-01,9
2009-03-02,9
2009-03-03,9
2009-03-04,9
2009-03-05,9
2009-03-06,9
2009-03-07,9
2009-03-08,9
2009-03-09,9
2009-03-10,9
2009-03-11,9
2009-03-12,9
2009-03-13,9
2009-03-14,9
2009-03-15,9
2009-03-16,9
2009-03-17,9
2009-03-18,9
2009-03-19,9
2009-03-20,9
2009-03-21,9
2009-03-22,9
2009-03-23,9
2009-03-24,9
2009-03-25,9
2009-03-26,9
2009-03-27,9
2009-03-28,9
2009-03-29,9
2009-03-30,9
2009-03-31,9
2009-04-01,9
2009-04-02,9
2009-04-03,9
2009-04-04,9
2009-04-05,9
2009-04-06,9
2009-04-07,9
2009-04-08,9
2009-04-09,9
2009-04-10,9
2009-04-11,9
2009-04-12,9
2009-04-13,9
2009-04-14,9
2009-04-15,9
2009-04-16,9
2009-04-17,9
2009-04-18,9
2009-04-19,9
2009-04-20,9
2009-04-21,9
2009-04-22,9
2009-04-23,9
2009-04-24,9
2009-04-25,9
2009-04-26,9
2009-04-27,9
2009-04-28,9
2009-04-29,9
2009-04-30,9
2009-05-01,9
2009-05-02,9
2009-05-03,9
2009-05-04,9
2009-05-05,9
2009-05-06,9
2009-05-07,9
2009-05-08,9
2009-05-09,9
2009-05-10,9
2009-05-11,9
2009-05-12,9
2009-05-13,9
2009-05-14,9
2009-05-15,9
2009-05-16,9
2009-05-17,9
2009-05-18,9
2009-05-19,9
2009-05-20,9
2009-05-21,9
2009-05-22,9
2009-05-23,9
2009-05-24,9
2009-05-25,9
2009-05-26,9
2009-05-27,9
2009-05-28,9
2009-05-29,9
2009-05-30,9
2009-05-31,9
2009-06-01,9
2009-06-02,9
2009-06-03,9
2009-06-04,9
2009-06-05,9
2009-06-06,9
2009-06-07,9
2009-06-08,9
2009-06-09,9
2009-06-10,9
2009-06-11,9
2009-06-12,9
2009-06-13,9
2009-06-14,9
2009-06-15,9
2009-06-16,9
2009-06-17,9
2009-06-18,9
2009-06-19,9
2009-06-20,9
2009-06-21,9
2009-06-22,9
2009-06-23,9
2009-06-24,9
2009-06-25,9
2009-06-26,9
2009-06-27,9
2009-06-28,9
2009-06-29,9
2009-06-30,9
2009-07-01,9
2009-07-03,9
2009-07-04,9
2009-07-05,9
2009-07-06,9
2009-07-07,9
2009-07-08,9
2009-07-09,9
2009-07-10,9
2009-07-11,9
2009-07-12,9
2009-07-13,9
2009-07-14,9
2009-07-15,9
2009-07-16,9
2009-07-17,9
2009-07-18,9
2009-07-19,9
2009-07-20,9
2009-07-21,9
2009-07-22,9
2009-07-23,9
2009-07-24,9
2009-07-25,9
2009-07-26,9
2009-07-27,9
2009-07-28,9
2009-07-29,9
2009-07-30,9
2009-07-31,9
2009-08-01,9
2009-08-02,9
2009-08-03,9
2009-08-04,9
2009-08-05,9
2009-08-06,9
2009-08-07,9
2009-08-08,9
2009-08-09,9
2009-08-10,9
2009-08-11,9
2009-08-12,9
2009-08-13,9
2009-08-14,9
2009-08-15,9
2009-08-16,9
2009-08-17,9
2009-08-18,9
2009-08-19,9
2009-08-20,9
2009-08-21,9
2009-08-22,9
2009-08-23,9
2009-08-24,9
2009-08-25,9
2009-08-26,9
2009-08-27,9
2009-08-28,9
2009-08-29,9
2009-08-30,9
2009-08-31,9
2009-09-01,9
2009-09-02,8
2009-09-03,6
2009-09-04,5
2009-09-05,6
2009-09-06,7
2009-09-07,7
2009-09-08,7
2009-09-09,7
2009-09-10,7
2009-09-11,7
2009-09-12,7
2009-09-13,7
2009-09-14,7
2009-09-15,7
2009-09-16,7
2009-09-17,7
2009-09-18,7
2009-09-19,7
2009-09-20,7
2009-09-21,7
2009-09-22,7
2009-09-23,6
2009-09-24,6
2009-09-25,7
2009-09-26,7
2009-09-27,7
2009-09-28,6
2009-09-29,6
2009-09-30,7
2009-10-01,7
2009-10-02,7
2009-10-03,7
2009-10-04,7
2009-10-05,6
2009-10-06,6
2009-10-07,6
2009-10-08,6
2009-10-09,6
2009-10-10,6
2009-10-11,7
2009-10-12,6
2009-10-13,6
2009-10-14,6
2009-10-15,6
2009-10-16,6
2009-10-17,6
2009-10-18,7
2009-10-19,6
2009-10-20,6
2009-10-21,6
2009-10-22,6
2009-10-23,6
2009-10-24,6
2009-10-25,7
2009-10-26,6
2009-10-27,6
2009-10-28,6
2009-10-29,6
2009-10-30,6
2009-10-31,6
2009-11-01,6
2009-11-02,6
2009-11-03,6
2009-11-04,6
2009-11-05,6
2009-11-06,6
2009-11-07,6
2009-11-08,6
2009-11-09,6
2009-11-10,6
2009-11-11,6
2009-11-12,6
2009-11-13,6
2009-11-14,6
2009-11-15,7
2009-11-16,6
2009-11-17,6
2009-11-18,6
2009-11-19,6
2009-11-20,6
2009-11-21,7
2009-11-22,7
2009-11-23,6
2009-11-24,6
2009-11-25,6
2009-11-26,6
2009-11-27,6
2009-11-28,7
2009-11-29,7
2009-11-30,6
2009-12-01,6
2009-12-02,6
2009-12-03,6
2009-12-04,6
2009-12-05,6
2009-12-06,7
2009-12-07,6
2009-12-08,6
2009-12-09,6
2009-12-10,6
2009-12-11,6
2009-12-12,6
2009-12-13,7
2009-12-14,6
2009-12-15,6
2009-12-16,6
2009-12-17,6
2009-12-18,6
2009-12-19,6
2009-12-20,6
2009-12-21,6
2009-12-22,6
2009-12-23,6
2009-12-24,6
2009-12-25,6
2009-12-26,6
2009-12-27,6
2009-12-28,6
2009-12-29,6
2009-12-30,6
2009-12-31,5
2010-01-01,5
2010-01-02,5
2010-01-03,5
2010-01-04,5
2010-01-05,5
2010-01-06,5
2010-01-07,5
2010-01-08,5
2010-01-09,5
2010-01-10,5
2010-01-11,5
2010-01-12,5
2010-01-13,5
2010-01-14,5
2010-01-15,5
2010-01-16,5
2010-01-17,5
2010-01-18,5
2010-01-19,5
2010-01-20,5
2010-01-21,5
2010-01-22,5
2010-01-23,5
2010-01-24,5
2010-01-25,5
2010-01-26,5
2010-01-27,5
2010-01-28,5
2010-01-29,5
2010-01-30,5
2010-01-31,5
2010-02-01,5
2010-02-02,5
2010-02-03,5
2010-02-04,5
2010-02-05,5
2010-02-06,5
2010-02-07,5
2010-02-08,5
2010-02-09,5
2010-02-10,5
2010-02-11,5
2010-02-12,5
2010-02-13,5
2010-02-14,5
2010-02-15,5
2010-02-16,5
2010-02-17,5
2010-02-18,5
2010-02-19,5
2010-02-20,5
2010-02-21,5
2010-02-22,5
2010-02-23,5
2010-02-24,5
2010-02-25,5
2010-02-26,5
2010-02-27,5
2010-02-28,5
2010-03-01,5
2010-03-02,5
2010-03-03,5
2010-03-04,5
2010-03-05,5
2010-03-06,5
2010-03-07,5
2010-03-08,5
2010-03-09,5
2010-03-10,5
2010-03-11,5
2010-03-12,5
2010-03-13,5
2010-03-14,5
2010-03-15,5
2010-03-16,5
2010-03-17,5
2010-03-18,5
2010-03-19,5
2010-03-20,5
2010-03-21,5
2010-03-22,5
2010-03-23,5
2010-03-24,5
2010-03-25,5
2010-03-26,5
2010-03-27,5
2010-03-28,5
2010-03-29,5
2010-03-30,5
2010-03-31,5
2010-04-01,6
2010-04-02,6
2010-04-03,6
2010-04-04,6
2010-04-05,6
2010-04-06,6
2010-04-07,6
2010-04-08,6
2010-04-09,6
2010-04-10,6
2010-04-11,6
2010-04-12,6
2010-04-13,6
2010-04-14,6
2010-04-15,6
2010-04-16,6
2010-04-17,6
2010-04-18,6
2010-04-19,6
2010-04-20,6
2010-04-21,6
2010-04-22,6
2010-04-23,6
2010-04-24,6
2010-04-25,6
2010-04-26,6
2010-04-27,6
2010-04-28,6
2010-04-29,6
2010-04-30,6
2010-05-01,6
2010-05-02,6
2010-05-03,6
2010-05-04,6
2010-05-05,6
2010-05-06,6
2010-05-07,6
2010-05-08,6
2010-05-09,6
2010-05-10,6
2010-05-11,6
2010-05-12,6
2010-05-13,6
2010-05-14,6
2010-05-15,6
2010-05-16,6
2010-05-17,6
2010-05-18,6
2010-05-19,6
2010-05-20,6
2010-05-21,6
2010-05-22,6
2010-05-23,6
2010-05-24,6
2010-05-25,6
2010-05-26,6
2010-05-27,6
2010-05-28,6
2010-05-29,6
2010-05-30,6
2010-05-31,6
2010-06-01,6
2010-06-02,6
2010-06-03,6
2010-06-04,6
2010-06-05,6
2010-06-06,6
2010-06-07,6
2010-06-08,6
2010-06-09,6
2010-06-10,6
2010-06-11,6
2010-06-12,6
2010-06-13,6
2010-06-14,7
2010-06-15,7
2010-06-16,7
2010-06-17,7
2010-06-18,7
2010-06-19,7
2010-06-20,7
2010-06-21,7
2010-06-22,7
2010-06-23,7
2010-06-24,8
2010-06-25,8
2010-06-26,8
2010-06-27,9
2010-06-28,9
2010-06-29,9
2010-06-30,9
2010-07-01,9
2010-07-02,9
2010-07-03,9
2010-07-04,9
2010-07-05,9
2010-07-06,9
2010-07-07,9
2010-07-08,9
2010-07-09,9
2010-07-10,9
2010-07-11,9
2010-07-12,9
2010-07-13,9
2010-07-14,9
2010-07-15,9
2010-07-16,9
2010-07-17,9
2010-07-18,9
2010-07-19,9
2010-07-20,9
2010-07-21,9
2010-07-22,9
2010-07-23,9
2010-07-24,9
2010-07-25,9
2010-07-26,9
2010-07-27,9
2010-07-28,9
2010-07-29,9
2010-07-30,9
2010-07-31,9
2010-08-01,9
2010-08-02,9
2010-08-03,9
2010-08-04,9
2010-08-05,9
2010-08-06,9
2010-08-07,9
2010-08-08,9
2010-08-09,9
2010-08-10,9
2010-08-11,10
2010-08-12,10
2010-08-13,10
2010-08-14,10
2010-08-15,10
2010-08-16,10
2010-08-17,10
2010-08-18,10
2010-08-19,10
2010-08-20,10
2010-08-21,10
2010-08-22,10
2010-08-23,10
2010-08-24,10
2010-08-25,10
2010-08-26,10
2010-08-27,10
2010-08-28,10
2010-08-29,10
2010-08-30,9
2010-08-31,8
2010-09-01,8
2010-09-02,8
2010-09-03,8
2010-09-04,8
2010-09-05,8
2010-09-06,8
2010-09-07,8
2010-09-08,8
2010-09-09,8
2010-09-10,8
2010-09-11,8
2010-09-12,8
2010-09-13,8
2010-09-14,8
2010-09-15,8
2010-09-16,8
2010-09-17,8
2010-09-18,8
2010-09-19,8
2010-09-20,8
2010-09-21,8
2010-09-22,8
2010-09-23,8
2010-09-24,8
2010-09-25,8
2010-09-26,8
2010-09-27,8
2010-09-28,8
2010-09-29,8
2010-09-30,8
2010-10-01,8
2010-10-02,8
2010-10-03,8
2010-10-04,8
2010-10-05,9
2010-10-06,9
2010-10-07,9
2010-10-08,9
2010-10-09,9
2010-10-10,9
2010-10-11,10
2010-10-12,10
2010-10-13,10
2010-10-14,10
2010-10-15,10
2010-10-16,10
2010-10-17,10
2010-10-18,10
2010-10-19,10
2010-10-20,10
2010-10-21,10
2010-10-22,10
2010-10-23,10
2010-10-24,10
2010-10-25,10
2010-10-26,10
2010-10-27,10
2010-10-28,10
2010-10-29,10
2010-10-30,10
2010-10-31,10
2010-11-01,10
2010-11-02,10
2010-11-03,10
2010-11-04,9
2010-11-05,8
2010-11-06,8
2010-11-07,6
2010-11-08,6
2010-11-09,6
2010-11-10,6
2010-11-11,6
2010-11-12,7
2010-11-13,7
2010-11-14,7
2010-11-15,7
2010-11-16,7
2010-11-17,7
2010-11-18,7
2010-11-19,7
2010-11-20,7
2010-11-21,7
2010-11-22,7
2010-11-23,7
2010-11-24,7
2010-11-25,7
2010-11-26,7
2010-11-27,7
2010-11-28,7
2010-11-29,7
2010-11-30,7
2010-12-01,7
2010-12-02,7
2010-12-03,7
2010-12-04,7
2010-12-05,6
2010-12-06,6
2010-12-07,6
2010-12-08,6
2010-12-09,6
2010-12-10,6
2010-12-11,6
2010-12-12,6
2010-12-13,6
2010-12-14,6
2010-12-15,6
2010-12-16,6
2010-12-17,6
2010-12-18,6
2010-12-19,6
2010-12-20,6
2010-12-21,6
2010-12-22,6
2010-12-23,6
2010-12-24,6
2010-12-25,6
2010-12-26,6
2010-12-27,6
2010-12-28,6
2010-12-29,6
2010-12-30,6
2010-12-31,6
2011-01-01,6
2011-01-02,6
2011-01-03,6
2011-01-04,6
2011-01-05,6
2011-01-06,6
2011-01-07,6
2011-01-08,6
2011-01-09,5
2011-01-10,5
2011-01-11,5
2011-01-12,5
2011-01-13,5
2011-01-14,5
2011-01-15,5
2011-01-16,5
2011-01-17,5
2011-01-18,5
2011-01-19,5
2011-01-20,6
2011-01-21,6
2011-01-22,5
2011-01-23,5
2011-01-24,5
2011-01-25,5
2011-01-26,5
2011-01-27,5
2011-01-28,5
2011-01-29,5
2011-01-30,5
2011-01-31,5
2011-02-01,5
2011-02-02,5
2011-02-03,5
2011-02-04,5
2011-02-05,5
2011-02-06,5
2011-02-07,5
2011-02-08,5
2011-02-09,5
2011-02-10,5
2011-02-11,5
2011-02-12,4
2011-02-13,4
2011-02-14,3
2011-02-15,3
2011-02-16,3
2011-02-17,3
2011-02-18,4
2011-02-19,4
2011-02-20,4
2011-02-21,4
2011-02-22,4
2011-02-23,4
2011-02-24,4
2011-02-25,4
2011-02-26,4
2011-02-27,4
2011-02-28,3
2011-03-01,3
2011-03-02,3
2011-03-03,3
2011-03-04,3
2011-03-05,3
2011-03-06,3
2011-03-07,3
2011-03-08,3
2011-03-09,3
2011-03-10,3
2011-03-11,3
2011-03-12,3
2011-03-13,3
2011-03-14,3
2011-03-15,3
2011-03-16,3
2011-03-17,3
2011-03-18,3
2011-03-19,3
2011-03-20,3
2011-03-21,3
2011-03-22,3
2011-03-23,3
2011-03-24,3
2011-03-25,3
2011-03-26,3
2011-03-27,3
2011-03-28,3
2011-03-29,3
2011-03-30,4
2011-03-31,3
2011-04-01,3
2011-04-02,3
2011-04-03,3
2011-04-04,3
2011-04-05,3
2011-04-06,3
2011-04-07,3
2011-04-08,3
2011-04-09,3
2011-04-10,3
2011-04-11,3
2011-04-12,3
2011-04-13,3
2011-04-14,4
2011-04-15,4
2011-04-16,3
2011-04-17,3
2011-04-18,3
2011-04-19,3
2011-04-20,3
2011-04-21,3
2011-04-22,3
2011-04-23,4
2011-04-24,3
2011-04-25,3
2011-04-26,3
2011-04-27,3
2011-04-28,3
2011-04-29,3
2011-04-30,3
2011-05-01,3
2011-05-02,3
2011-05-03,3
2011-05-04,3
2011-05-05,3
2011-05-06,3
2011-05-07,3
2011-05-08,3
2011-05-09,3
2011-05-10,3
2011-05-11,3
2011-05-12,3
2011-05-13,3
2011-05-14,3
2011-05-15,3
2011-05-16,3
2011-05-17,3
2011-05-18,3
2011-05-19,3
2011-05-20,3
2011-05-21,3
2011-05-22,3
2011-05-23,3
2011-05-24,3
2011-05-25,2
2011-05-26,2
2011-05-27,2
2011-05-28,2
2011-05-29,2
2011-05-30,2
2011-05-31,2
2011-06-01,2
2011-06-02,2
2011-06-03,2
2011-06-04,2
2011-06-05,2
2011-06-06,2
2011-06-07,2
2011-06-08,3
2011-06-09,3
2011-06-10,3
2011-06-11,3
2011-06-12,2
2011-06-13,2
2011-06-14,2
2011-06-15,2
2011-06-16,2
2011-06-17,2
2011-06-18,2
2011-06-19,2
2011-06-20,2
2011-06-21,2
2011-06-22,3
2011-06-23,3
2011-06-24,3
2011-06-25,2
2011-06-26,3
2011-06-27,3
2011-06-28,3
2011-06-29,3
2011-06-30,3
2011-07-01,3
2011-07-02,3
2011-07-03,3
2011-07-04,3
2011-07-05,3
2011-07-06,3
2011-07-07,3
2011-07-08,3
2011-07-09,3
2011-07-10,3
2011-07-11,3
2011-07-12,3
2011-07-13,3
2011-07-14,3
2011-07-15,3
2011-07-16,3
2011-07-17,4
2011-07-18,4
2011-07-19,4
2011-07-20,4
2011-07-21,4
2011-07-22,4
2011-07-23,4
2011-07-24,4
2011-07-25,4
2011-07-26,4
2011-07-27,4
2011-07-28,4
2011-07-29,4
2011-07-30,4
2011-07-31,4
2011-08-01,3
2011-08-02,3
2011-08-03,3
2011-08-04,3
2011-08-05,4
2011-08-06,4
2011-08-07,4
2011-08-08,4
2011-08-09,4
2011-08-10,4
2011-08-11,4
2011-08-12,4
2011-08-13,4
2011-08-14,4
2011-08-15,4
2011-08-16,4
2011-08-17,4
2011-08-18,4
2011-08-19,4
2011-08-20,4
2011-08-21,4
2011-08-22,4
2011-08-23,4
2011-08-24,4
2011-08-25,4
2011-08-26,4
2011-08-27,4
2011-08-28,4
2011-08-29,4
2011-08-30,4
2011-08-31,4
2011-09-01,4
2011-09-02,4
2011-09-03,4
2011-09-04,4
2011-09-05,4
2011-09-06,4
2011-09-07,4
2011-09-08,4
2011-09-09,4
2011-09-10,4
2011-09-11,4
2011-09-12,4
2011-09-13,4
2011-09-14,4
2011-09-15,4
2011-09-16,4
2011-09-17,4
2011-09-18,5
2011-09-19,4
2011-09-20,4
2011-09-21,4
2011-09-22,4
2011-09-23,5
2011-09-24,4
2011-09-25,4
2011-09-26,4
2011-09-27,4
2011-09-28,4
2011-09-29,4
2011-09-30,5
2011-10-01,5
2011-10-02,4
2011-10-03,4
2011-10-04,4
2011-10-05,4
2011-10-06,4
2011-10-07,5
2011-10-08,5
2011-10-09,5
2011-10-10,5
2011-10-11,4
2011-10-12,4
2011-10-13,4
2011-10-14,4
2011-10-15,4
2011-10-16,4
2011-10-17,5
2011-10-18,5
2011-10-19,4
2011-10-20,4
2011-10-21,4
2011-10-22,4
2011-10-23,4
2011-10-24,4
2011-10-25,4
2011-10-26,4
2011-10-27,4
2011-10-28,5
2011-10-29,5
2011-10-30,4
2011-10-31,4
2011-11-01,4
2011-11-02,4
2011-11-03,5
2011-11-04,5
2011-11-05,5
2011-11-06,5
2011-11-07,5
2011-11-08,5
2011-11-09,5
2011-11-10,5
2011-11-11,5
2011-11-12,5
2011-11-13,5
2011-11-14,5
2011-11-15,5
2011-11-16,5
2011-11-17,5
2011-11-18,5
2011-11-19,6
2011-11-20,6
2011-11-21,6
2011-11-22,6
2011-11-23,6
2011-11-24,6
2011-11-25,6
2011-11-26,6
2011-11-27,6
2011-11-28,6
2011-11-29,6
2011-11-30,8
2011-12-01,9
2011-12-02,10
2011-12-03,10
2011-12-04,11
2011-12-05,13
2011-12-06,14
2011-12-07,15
2011-12-08,16
2011-12-09,17
2011-12-10,18
2011-12-11,19
2011-12-12,20
2011-12-13,21
2011-12-14,23
2011-12-15,25
2011-12-16,27
2011-12-17,29
2011-12-18,30
2011-12-19,30
2011-12-20,29
2011-12-21,27
2011-12-22,26
2011-12-23,28
2011-12-24,29
2011-12-25,30
2011-12-26,30
2011-12-27,31
2011-12-28,30
2011-12-29,28
2011-12-30,29
2011-12-31,30
2012-01-01,30
2012-01-02,30
2012-01-03,30
2012-01-04,30
2012-01-05,31
2012-01-06,31
2012-01-07,32
2012-01-08,34
2012-01-09,36
2012-01-10,38
2012-01-11,40
2012-01-12,42
2012-01-13,43
2012-01-14,43
2012-01-15,41
2012-01-16,39
2012-01-17,39
2012-01-18,38
2012-01-19,38
2012-01-20,38
2012-01-21,39
2012-01-22,41
2012-01-23,44
2012-01-24,45
2012-01-25,47
2012-01-26,49
2012-01-27,48
2012-01-28,45
2012-01-29,44
2012-01-30,43
2012-01-31,42
2012-02-01,41
2012-02-02,41
2012-02-03,43
2012-02-04,45
2012-02-05,48
2012-02-06,48
2012-02-07,50
2012-02-08,48
2012-02-09,46
2012-02-10,46
2012-02-11,43
2012-02-12,41
2012-02-13,41
2012-02-14,41
2012-02-15,39
2012-02-16,39
2012-02-17,41
2012-02-18,44
2012-02-19,41
2012-02-20,41
2012-02-21,40
2012-02-22,40
2012-02-23,40
2012-02-24,40
2012-02-25,40
2012-02-26,40
2012-02-27,40
2012-02-28,40
2012-02-29,39
2012-03-01,38
2012-03-02,36
2012-03-03,34
2012-03-04,32
2012-03-05,31
2012-03-06,30
2012-03-07,29
2012-03-08,28
2012-03-09,27
2012-03-10,26
2012-03-11,25
2012-03-12,24
2012-03-13,23
2012-03-14,23
2012-03-15,23
2012-03-16,22
2012-03-17,21
2012-03-18,20
2012-03-19,19
2012-03-20,18
2012-03-21,17
2012-03-22,16
2012-03-23,16
2012-03-24,16
2012-03-25,16
2012-03-26,16
2012-03-27,16
2012-03-28,17
2012-03-29,18
2012-03-30,19
2012-03-31,20
2012-04-01,21
2012-04-02,23
2012-04-03,25
2012-04-04,26
2012-04-05,25
2012-04-06,24
2012-04-07,24
2012-04-08,23
2012-04-09,23
2012-04-10,22
2012-04-11,21
2012-04-12,20
2012-04-13,19
2012-04-14,18
2012-04-15,18
2012-04-16,17
2012-04-17,17
2012-04-18,16
2012-04-19,16
2012-04-20,16
2012-04-21,16
2012-04-22,16
2012-04-23,16
2012-04-24,16
2012-04-25,16
2012-04-26,16
2012-04-27,16
2012-04-28,16
2012-04-29,16
2012-04-30,16
2012-05-01,16
2012-05-02,16
2012-05-03,16
2012-05-04,16
2012-05-05,16
2012-05-06,16
2012-05-07,16
2012-05-08,16
2012-05-09,16
2012-05-10,16
2012-05-11,17
2012-05-12,16
2012-05-13,16
2012-05-14,16
2012-05-15,16
2012-05-16,16
2012-05-17,16
2012-05-18,15
2012-05-19,15
2012-05-20,15
2012-05-21,15
2012-05-22,15
2012-05-23,16
2012-05-24,16
2012-05-25,17
2012-05-26,17
2012-05-27,17
2012-05-28,17
2012-05-29,17
2012-05-30,16
2012-05-31,17
2012-06-01,17
2012-06-02,17
2012-06-03,17
2012-06-04,17
2012-06-05,17
2012-06-06,17
2012-06-07,16
2012-06-08,16
2012-06-09,16
2012-06-10,16
2012-06-11,16
2012-06-12,16
2012-06-13,16
2012-06-14,16
2012-06-15,16
2012-06-16,16
2012-06-17,16
2012-06-18,16
2012-06-19,16
2012-06-20,16
2012-06-21,16
2012-06-22,16
2012-06-23,16
2012-06-24,15
2012-06-25,16
2012-06-26,15
2012-06-27,16
2012-06-28,16
2012-06-29,17
2012-06-30,17
2012-07-01,17
2012-07-02,17
2012-07-03,17
2012-07-04,17
2012-07-05,17
2012-07-06,17
2012-07-07,18
2012-07-08,18
2012-07-09,18
2012-07-10,18
2012-07-11,18
2012-07-12,18
2012-07-13,19
2012-07-14,20
2012-07-15,21
2012-07-16,22
2012-07-17,24
2012-07-18,25
2012-07-19,26
2012-07-20,27
2012-07-21,27
2012-07-22,29
2012-07-23,27
2012-07-24,25
2012-07-25,23
2012-07-26,22
2012-07-27,21
2012-07-28,20
2012-07-29,19
2012-07-30,19
2012-07-31,19
2012-08-01,20
2012-08-02,21
2012-08-03,23
2012-08-04,24
2012-08-05,23
2012-08-06,24
2012-08-07,26
2012-08-08,27
2012-08-09,27
2012-08-10,27
2012-08-11,27
2012-08-12,27
2012-08-13,27
2012-08-14,27
2012-08-15,27
2012-08-16,27
2012-08-17,27
2012-08-18,27
2012-08-19,27
2012-08-20,27
2012-08-21,27
2012-08-22,27
2012-08-23,27
2012-08-24,27
2012-08-25,27
2012-08-26,27
2012-08-27,27
2012-08-28,26
2012-08-29,25
2012-08-30,24
2012-08-31,23
2012-09-01,21
2012-09-02,20
2012-09-03,20
2012-09-04,19
2012-09-05,18
2012-09-06,18
2012-09-07,18
2012-09-08,18
2012-09-09,18
2012-09-10,18
2012-09-11,18
2012-09-12,18
2012-09-13,18
2012-09-14,18
2012-09-15,18
2012-09-16,19
2012-09-17,19
2012-09-18,20
2012-09-19,20
2012-09-20,20
2012-09-21,20
2012-09-22,20
2012-09-23,20
2012-09-24,20
2012-09-25,20
2012-09-26,20
2012-09-27,20
2012-09-28,20
2012-09-29,20
2012-09-30,19
2012-10-01,19
2012-10-02,19
2012-10-03,19
2012-10-04,18
2012-10-05,18
2012-10-06,17
2012-10-07,17
2012-10-08,17
2012-10-09,17
2012-10-10,17
2012-10-11,17
2012-10-12,18
2012-10-13,18
2012-10-14,18
2012-10-15,18
2012-10-16,18
2012-10-17,18
2012-10-18,18
2012-10-19,18
2012-10-20,18
2012-10-21,18
2012-10-22,18
2012-10-23,18
2012-10-24,18
2012-10-25,17
2012-10-26,17
2012-10-27,17
2012-10-28,16
2012-10-29,16
2012-10-30,15
2012-10-31,14
2012-11-01,14
2012-11-02,14
2012-11-03,14
2012-11-04,14
2012-11-05,15
2012-11-06,15
2012-11-07,15
2012-11-08,15
2012-11-09,16
2012-11-10,16
2012-11-11,16
2012-11-12,16
2012-11-13,16
2012-11-14,16
2012-11-15,15
2012-11-16,15
2012-11-17,14
2012-11-18,14
2012-11-19,13
2012-11-20,14
2012-11-21,15
2012-11-22,16
2012-11-23,17
2012-11-24,18
2012-11-25,17
2012-11-26,16
2012-11-27,15
2012-11-28,14
2012-11-29,13
2012-11-30,12
2012-12-01,11
2012-12-02,10
2012-12-03,10
2012-12-04,9
2012-12-05,9
2012-12-06,8
2012-12-07,8
2012-12-08,8
2012-12-09,7
2012-12-10,7
2012-12-11,6
2012-12-12,6
2012-12-13,6
2012-12-14,5
2012-12-15,5
2012-12-16,5
2012-12-17,5
2012-12-18,5
2012-12-19,5
2012-12-20,5
2012-12-21,5
2012-12-22,6
2012-12-23,6
2012-12-24,6
2012-12-25,7
2012-12-26,7
2012-12-27,7
2012-12-28,7
2012-12-29,7
2012-12-30,7
2012-12-31,7
2013-01-01,7
2013-01-02,7
2013-01-03,7
2013-01-04,7
2013-01-05,7
2013-01-06,7
2013-01-07,7
2013-01-08,7
2013-01-09,7
2013-01-10,7
2013-01-11,7
2013-01-12,7
2013-01-13,7
2013-01-14,7
2013-01-15,7
2013-01-16,7
2013-01-17,7
2013-01-18,7
2013-01-19,7
2013-01-20,7
2013-01-21,7
2013-01-22,7
2013-01-23,7
2013-01-24,7
2013-01-25,7
2013-01-26,8
2013-01-27,8
2013-01-28,8
2013-01-29,9
2013-01-30,9
2013-01-31,8
2013-02-01,8
2013-02-02,8
2013-02-03,8
2013-02-04,8
2013-02-05,8
2013-02-06,8
2013-02-07,8
2013-02-08,8
2013-02-09,8
2013-02-10,8
2013-02-11,8
2013-02-12,8
2013-02-13,8
2013-02-14,8
2013-02-15,8
2013-02-16,7
2013-02-17,7
2013-02-18,7
2013-02-19,7
2013-02-20,7
2013-02-21,7
2013-02-22,7
2013-02-23,7
2013-02-24,7
2013-02-25,7
2013-02-26,7
2013-02-27,7
2013-02-28,8
2013-03-01,8
2013-03-02,8
2013-03-03,8
2013-03-04,8
2013-03-05,8
2013-03-06,8
2013-03-07,8
2013-03-08,8
2013-03-09,8
2013-03-10,9
2013-03-11,9
2013-03-12,9
2013-03-13,9
2013-03-14,9
2013-03-15,9
2013-03-16,9
2013-03-17,9
2013-03-18,9
2013-03-19,9
2013-03-20,9
2013-03-21,9
2013-03-22,9
2013-03-23,9
2013-03-24,9
2013-03-25,9
2013-03-26,9
2013-03-27,8
2013-03-28,8
2013-03-29,8
2013-03-30,8
2013-03-31,8
2013-04-01,8
2013-04-02,8
2013-04-03,8
2013-04-04,8
2013-04-05,8
2013-04-06,8
2013-04-07,8
2013-04-08,8
2013-04-09,8
2013-04-10,8
2013-04-11,8
2013-04-12,8
2013-04-13,8
2013-04-14,8
2013-04-15,8
2013-04-16,9
2013-04-17,9
2013-04-18,8
2013-04-19,8
2013-04-20,8
2013-04-21,8
2013-04-22,8
2013-04-23,8
2013-04-24,8
2013-04-25,9
2013-04-26,9
2013-04-27,9
2013-04-28,9
2013-04-29,9
2013-04-30,9
2013-05-01,9
2013-05-02,9
2013-05-03,9
2013-05-04,9
2013-05-05,9
2013-05-06,9
2013-05-07,9
2013-05-08,10
2013-05-09,10
2013-05-10,10
2013-05-11,10
2013-05-12,10
2013-05-13,10
2013-05-14,10
2013-05-15,10
2013-05-16,10
2013-05-17,10
2013-05-18,10
2013-05-19,10
2013-05-20,10
2013-05-21,10
2013-05-22,10
2013-05-23,10
2013-05-24,10
2013-05-25,11
2013-05-26,12
2013-05-27,13
2013-05-28,14
2013-05-29,15
2013-05-30,15
2013-05-31,15
2013-06-01,15
2013-06-02,14
2013-06-03,14
2013-06-04,14
2013-06-05,13
2013-06-06,12
2013-06-07,11
2013-06-08,11
2013-06-09,11
2013-06-10,12
2013-06-11,12
2013-06-12,12
2013-06-13,12
2013-06-14,12
2013-06-15,12
2013-06-16,12
2013-06-17,12
2013-06-18,12
2013-06-19,12
2013-06-20,12
2013-06-21,12
2013-06-22,12
2013-06-23,12
2013-06-24,12
2013-06-25,12
2013-06-26,12
2013-06-27,12
2013-06-28,11
2013-06-29,11
2013-06-30,11
2013-07-01,10
2013-07-02,10
2013-07-03,10
2013-07-04,10
2013-07-05,10
2013-07-06,10
2013-07-07,10
2013-07-08,11
2013-07-09,11
2013-07-10,11
2013-07-11,12
2013-07-12,12
2013-07-13,12
2013-07-14,12
2013-07-15,12
2013-07-16,13
2013-07-17,13
2013-07-18,13
2013-07-19,14
2013-07-20,14
2013-07-21,14
2013-07-22,14
2013-07-23,14
2013-07-24,14
2013-07-25,14
2013-07-26,14
2013-07-27,14
2013-07-28,14
2013-07-29,14
2013-07-30,14
2013-07-31,14
2013-08-01,14
2013-08-02,15
2013-08-03,15
2013-08-04,16
2013-08-05,16
2013-08-06,16
2013-08-07,17
2013-08-08,17
2013-08-09,17
2013-08-10,18
2013-08-11,18
2013-08-12,18
2013-08-13,18
2013-08-14,19
2013-08-15,19
2013-08-16,19
2013-08-17,19
2013-08-18,19
2013-08-19,19
2013-08-20,19
2013-08-21,19
2013-08-22,19
2013-08-23,19
2013-08-24,19
2013-08-25,19
2013-08-26,19
2013-08-27,19
2013-08-28,19
2013-08-29,19
2013-08-30,19
2013-08-31,19
2013-09-01,19
2013-09-02,19
2013-09-03,19
2013-09-04,19
2013-09-05,18
2013-09-06,18
2013-09-07,18
2013-09-08,18
2013-09-09,18
2013-09-10,18
2013-09-11,18
2013-09-12,17
2013-09-13,17
2013-09-14,16
2013-09-15,15
2013-09-16,14
2013-09-17,14
2013-09-18,13
2013-09-19,13
2013-09-20,13
2013-09-21,13
2013-09-22,13
2013-09-23,12
2013-09-24,11
2013-09-25,10
2013-09-26,9
2013-09-27,9
2013-09-28,10
2013-09-29,11
2013-09-30,11
2013-10-01,11
2013-10-02,12
2013-10-03,13
2013-10-04,14
2013-10-05,14
2013-10-06,14
2013-10-07,14
2013-10-08,14
2013-10-09,14
2013-10-10,14
2013-10-11,14
2013-10-12,14
2013-10-13,14
2013-10-14,14
2013-10-15,14
2013-10-16,14
2013-10-17,15
2013-10-18,15
2013-10-19,15
2013-10-20,15
2013-10-21,15
2013-10-22,15
2013-10-23,15
2013-10-24,15
2013-10-25,15
2013-10-26,15
2013-10-27,15
2013-10-28,15
2013-10-29,15
2013-10-30,15
2013-10-31,16
2013-11-01,16
2013-11-02,16
2013-11-03,16
2013-11-04,16
2013-11-05,16
2013-11-06,16
2013-11-07,16
2013-11-08,16
2013-11-09,16
2013-11-10,16
2013-11-11,16
2013-11-12,16
2013-11-13,17
2013-11-14,17
2013-11-15,18
2013-11-16,18
2013-11-17,18
2013-11-18,18
2013-11-19,18
2013-11-20,18
2013-11-21,18
2013-11-22,19
2013-11-23,19
2013-11-24,19
2013-11-25,20
2013-11-26,20
2013-11-27,20
2013-11-28,20
2013-11-29,21
2013-11-30,21
2013-12-01,21
2013-12-02,21
2013-12-03,21
2013-12-04,21
2013-12-05,21
2013-12-06,21
2013-12-07,21
2013-12-08,21
2013-12-09,21
2013-12-10,21
2013-12-11,22
2013-12-12,22
2013-12-13,22
2013-12-14,21
2013-12-15,21
2013-12-16,21
2013-12-17,21
2013-12-18,21
2013-12-19,21
2013-12-20,21
2013-12-21,21
2013-12-22,21
2013-12-23,21
2013-12-24,21
2013-12-25,21
2013-12-26,21
2013-12-27,21
2013-12-28,21
2013-12-29,21
2013-12-30,21
2013-12-31,21
2014-01-01,22
2014-01-02,22
2014-01-03,23
2014-01-04,23
2014-01-05,24
2014-01-06,24
2014-01-07,25
2014-01-08,26
2014-01-09,27
2014-01-10,28
2014-01-11,28
2014-01-12,28
2014-01-13,28
2014-01-14,28
2014-01-15,28
2014-01-16,28
2014-01-17,28
2014-01-18,28
2014-01-19,28
2014-01-20,29
2014-01-21,30
2014-01-22,30
2014-01-23,31
2014-01-24,32
2014-01-25,32
2014-01-26,33
2014-01-27,34
2014-01-28,35
2014-01-29,36
2014-01-30,34
2014-01-31,33
2014-02-01,33
2014-02-02,34
2014-02-03,35
2014-02-04,36
2014-02-05,37
2014-02-06,39
2014-02-07,40
2014-02-08,41
2014-02-09,42
2014-02-10,43
2014-02-11,43
2014-02-12,42
2014-02-13,41
2014-02-14,40
2014-02-15,40
2014-02-16,40
2014-02-17,40
2014-02-18,41
2014-02-19,42
2014-02-20,43
2014-02-21,44
2014-02-22,44
2014-02-23,44
2014-02-24,43
2014-02-25,42
2014-02-26,41
2014-02-27,40
2014-02-28,40
2014-03-01,41
2014-03-02,42
2014-03-03,43
2014-03-04,44
2014-03-05,45
2014-03-06,46
2014-03-07,47
2014-03-08,48
2014-03-09,50
2014-03-10,51
2014-03-11,50
2014-03-12,49
2014-03-13,48
2014-03-14,47
2014-03-15,47
2014-03-16,46
2014-03-17,45
2014-03-18,43
2014-03-19,41
2014-03-20,39
2014-03-21,38
2014-03-22,37
2014-03-23,38
2014-03-24,39
2014-03-25,40
2014-03-26,41
2014-03-27,43
2014-03-28,44
2014-03-29,45
2014-03-30,45
2014-03-31,44
2014-04-01,43
2014-04-02,43
2014-04-03,44
2014-04-04,44
2014-04-05,45
2014-04-06,46
2014-04-07,47
2014-04-08,49
2014-04-09,49
2014-04-10,48
2014-04-11,47
2014-04-12,46
2014-04-13,45
2014-04-14,44
2014-04-15,43
2014-04-16,42
2014-04-17,40
2014-04-18,38
2014-04-19,37
2014-04-20,35
2014-04-21,34
2014-04-22,34
2014-04-23,33
2014-04-24,33
2014-04-25,34
2014-04-26,33
2014-04-27,32
2014-04-28,31
2014-04-29,31
2014-04-30,33
2014-05-01,35
2014-05-02,36
2014-05-03,37
2014-05-04,38
2014-05-05,38
2014-05-06,37
2014-05-07,36
2014-05-08,35
2014-05-09,35
2014-05-10,34
2014-05-11,33
2014-05-12,32
2014-05-13,30
2014-05-14,29
2014-05-15,28
2014-05-16,27
2014-05-17,28
2014-05-18,30
2014-05-19,31
2014-05-20,32
2014-05-21,33
2014-05-22,34
2014-05-23,35
2014-05-24,36
2014-05-25,37
2014-05-26,37
2014-05-27,37
2014-05-28,36
2014-05-29,35
2014-05-30,34
2014-05-31,33
2014-06-01,33
2014-06-02,33
2014-06-03,33
2014-06-04,33
2014-06-05,32
2014-06-06,31
2014-06-07,31
2014-06-08,31
2014-06-09,31
2014-06-10,31
2014-06-11,31
2014-06-12,31
2014-06-13,32
2014-06-14,32
2014-06-15,32
2014-06-16,33
2014-06-17,33
2014-06-18,34
2014-06-19,35
2014-06-20,35
2014-06-21,35
2014-06-22,35
2014-06-23,34
2014-06-24,33
2014-06-25,33
2014-06-26,34
2014-06-27,35
2014-06-28,35
2014-06-29,35
2014-06-30,35
2014-07-01,35
2014-07-02,35
2014-07-03,36
2014-07-04,36
2014-07-05,36
2014-07-06,36
2014-07-07,35
2014-07-08,34
2014-07-09,34
2014-07-10,34
2014-07-11,35
2014-07-12,34
2014-07-13,34
2014-07-14,33
2014-07-15,34
2014-07-16,35
2014-07-17,37
2014-07-18,39
2014-07-19,41
2014-07-20,44
2014-07-21,47
2014-07-22,50
2014-07-23,53
2014-07-24,55
2014-07-25,56
2014-07-26,55
2014-07-27,52
2014-07-28,49
2014-07-29,46
2014-07-30,43
2014-07-31,40
2014-08-01,38
2014-08-02,36
2014-08-03,34
2014-08-04,32
2014-08-05,32
2014-08-06,33
2014-08-07,34
2014-08-08,35
2014-08-09,36
2014-08-10,37
2014-08-11,38
2014-08-12,39
2014-08-13,40
2014-08-14,41
2014-08-15,42
2014-08-16,42
2014-08-17,40
2014-08-18,38
2014-08-19,36
2014-08-20,34
2014-08-21,32
2014-08-22,32
2014-08-23,31
2014-08-24,31
2014-08-25,30
2014-08-26,28
2014-08-27,26
2014-08-28,24
2014-08-29,22
2014-08-30,22
2014-08-31,23
2014-09-01,24
2014-09-02,25
2014-09-03,27
2014-09-04,28
2014-09-05,28
2014-09-06,27
2014-09-07,27
2014-09-08,27
2014-09-09,27
2014-09-10,28
2014-09-11,27
2014-09-12,27
2014-09-13,28
2014-09-14,28
2014-09-15,28
2014-09-16,30
2014-09-17,32
2014-09-18,34
2014-09-19,35
2014-09-20,36
2014-09-21,37
2014-09-22,36
2014-09-23,34
2014-09-24,33
2014-09-25,34
2014-09-26,35
2014-09-27,36
2014-09-28,37
2014-09-29,37
2014-09-30,38
2014-10-01,39
2014-10-02,40
2014-10-03,41
2014-10-04,43
2014-10-05,44
2014-10-06,46
2014-10-07,47
2014-10-08,48
2014-10-09,48
2014-10-10,47
2014-10-11,45
2014-10-12,44
2014-10-13,45
2014-10-14,46
2014-10-15,47
2014-10-16,46
2014-10-17,46
2014-10-18,47
2014-10-19,47
2014-10-20,48
2014-10-21,49
2014-10-22,50
2014-10-23,51
2014-10-24,51
2014-10-25,51
2014-10-26,50
2014-10-27,49
2014-10-28,47
2014-10-29,46
2014-10-30,47
2014-10-31,45
2014-11-01,42
2014-11-02,40
2014-11-03,40
2014-11-04,41
2014-11-05,43
2014-11-06,46
2014-11-07,48
2014-11-08,50
2014-11-09,52
2014-11-10,54
2014-11-11,56
2014-11-12,57
2014-11-13,57
2014-11-14,57
2014-11-15,57
2014-11-16,58
2014-11-17,58
2014-11-18,58
2014-11-19,59
2014-11-20,59
2014-11-21,59
2014-11-22,61
2014-11-23,59
2014-11-24,60
2014-11-25,61
2014-11-26,60
2014-11-27,59
2014-11-28,58
2014-11-29,57
2014-11-30,57
2014-12-01,56
2014-12-02,55
2014-12-03,55
2014-12-04,56
2014-12-05,56
2014-12-06,56
2014-12-07,57
2014-12-08,57
2014-12-09,57
2014-12-10,57
2014-12-11,57
2014-12-12,57
2014-12-13,57
2014-12-14,57
2014-12-15,57
2014-12-16,57
2014-12-17,58
2014-12-18,58
2014-12-19,59
2014-12-20,59
2014-12-21,60
2014-12-22,60
2014-12-23,61
2014-12-24,61
2014-12-25,61
2014-12-26,61
2014-12-27,60
2014-12-28,60
2014-12-29,60
2014-12-30,60
2014-12-31,60
2015-01-01,60
2015-01-02,61
2015-01-03,61
2015-01-04,62
2015-01-05,62
2015-01-06,63
2015-01-07,64
2015-01-08,64
2015-01-09,64
2015-01-10,64
2015-01-11,64
2015-01-12,64
2015-01-13,63
2015-01-14,63
2015-01-15,62
2015-01-16,62
2015-01-17,61
2015-01-18,61
2015-01-19,61
2015-01-20,61
2015-01-21,61
2015-01-22,61
2015-01-23,61
2015-01-24,61
2015-01-25,61
2015-01-26,61
2015-01-27,61
2015-01-28,61
2015-01-29,61
2015-01-30,61
2015-01-31,61
2015-02-01,61
2015-02-02,60
2015-02-03,60
2015-02-04,60
2015-02-05,59
2015-02-06,59
2015-02-07,58
2015-02-08,57
2015-02-09,56
2015-02-10,55
2015-02-11,54
2015-02-12,53
2015-02-13,52
2015-02-14,51
2015-02-15,49
2015-02-16,47
2015-02-17,46
2015-02-18,46
2015-02-19,47
2015-02-20,49
2015-02-21,51
2015-02-22,53
2015-02-23,54
2015-02-24,55
2015-02-25,55
2015-02-26,57
2015-02-27,60
2015-02-28,62
2015-03-01,63
2015-03-02,62
2015-03-03,61
2015-03-04,60
2015-03-05,58
2015-03-06,56
2015-03-07,54
2015-03-08,53
2015-03-09,51
2015-03-10,49
2015-03-11,48
2015-03-12,48
2015-03-13,48
2015-03-14,47
2015-03-15,46
2015-03-16,46
2015-03-17,45
2015-03-18,45
2015-03-19,45
2015-03-20,45
2015-03-21,44
2015-03-22,44
2015-03-23,44
2015-03-24,43
2015-03-25,43
2015-03-26,42
2015-03-27,41
2015-03-28,40
2015-03-29,40
2015-03-30,39
2015-03-31,38
2015-04-01,37
2015-04-02,36
2015-04-03,36
2015-04-04,36
2015-04-05,37
2015-04-06,36
2015-04-07,36
2015-04-08,37
2015-04-09,37
2015-04-10,37
2015-04-11,38
2015-04-12,39
2015-04-13,39
2015-04-14,39
2015-04-15,39
2015-04-16,40
2015-04-17,42
2015-04-18,44
2015-04-19,46
2015-04-20,48
2015-04-21,49
2015-04-22,49
2015-04-23,49
2015-04-24,49
2015-04-25,49
2015-04-26,48
2015-04-27,48
2015-04-28,48
2015-04-29,48
2015-04-30,47
2015-05-01,48
2015-05-02,46
2015-05-03,44
2015-05-04,41
2015-05-05,38
2015-05-06,36
2015-05-07,37
2015-05-08,38
2015-05-09,38
2015-05-10,38
2015-05-11,37
2015-05-12,37
2015-05-13,38
2015-05-14,40
2015-05-15,41
2015-05-16,42
2015-05-17,43
2015-05-18,44
2015-05-19,44
2015-05-20,45
2015-05-21,46
2015-05-22,47
2015-05-23,48
2015-05-24,48
2015-05-25,48
2015-05-26,48
2015-05-27,47
2015-05-28,46
2015-05-29,45
2015-05-30,43
2015-05-31,41
2015-06-01,38
2015-06-02,38
2015-06-03,38
2015-06-04,38
2015-06-05,39
2015-06-06,40
2015-06-07,41
2015-06-08,42
2015-06-09,42
2015-06-10,42
2015-06-11,41
2015-06-12,41
2015-06-13,41
2015-06-14,41
2015-06-15,40
2015-06-16,40
2015-06-17,40
2015-06-18,40
2015-06-19,40
2015-06-20,40
2015-06-21,40
2015-06-22,40
2015-06-23,39
2015-06-24,39
2015-06-25,38
2015-06-26,37
2015-06-27,36
2015-06-28,35
2015-06-29,34
2015-06-30,36
2015-07-01,35
2015-07-02,37
2015-07-03,39
2015-07-04,40
2015-07-05,41
2015-07-06,43
2015-07-07,44
2015-07-08,44
2015-07-09,45
2015-07-10,46
2015-07-11,45
2015-07-12,45
2015-07-13,44
2015-07-14,45
2015-07-15,46
2015-07-16,46
2015-07-17,45
2015-07-18,46
2015-07-19,47
2015-07-20,47
2015-07-21,47
2015-07-22,47
2015-07-23,48
2015-07-24,50
2015-07-25,50
2015-07-26,51
2015-07-27,51
2015-07-28,52
2015-07-29,52
2015-07-30,52
2015-07-31,52
2015-08-01,52
2015-08-02,51
2015-08-03,50
2015-08-04,51
2015-08-05,53
2015-08-06,54
2015-08-07,55
2015-08-08,57
2015-08-09,59
2015-08-10,61
2015-08-11,62
2015-08-12,64
2015-08-13,65
2015-08-14,64
2015-08-15,62
2015-08-16,61
2015-08-17,60
2015-08-18,59
2015-08-19,59
2015-08-21,60
2015-08-22,62
2015-08-23,62
2015-08-24,60
2015-08-25,59
2015-08-26,60
2015-08-27,62
2015-08-28,65
2015-08-29,69
2015-08-30,70
2015-08-31,73
2015-09-01,75
2015-09-02,78
2015-09-03,80
2015-09-04,84
2015-09-05,87
2015-09-06,86
2015-09-07,83
2015-09-08,81
2015-09-09,81
2015-09-10,78
2015-09-11,76
2015-09-12,77
2015-09-13,76
2015-09-14,75
2015-09-15,72
2015-09-16,68
2015-09-17,64
2015-09-18,61
2015-09-19,59
2015-09-20,57
2015-09-21,54
2015-09-22,54
2015-09-23,54
2015-09-24,56
2015-09-25,57
2015-09-26,59
2015-09-27,60
2015-09-28,61
2015-09-29,64
2015-09-30,67
2015-10-01,71
2015-10-02,75
2015-10-03,78
2015-10-04,79
2015-10-07,68
2015-10-09,61
2015-10-11,55
2015-10-12,55
2015-10-13,50
2015-10-14,50
2015-10-15,51
2015-10-16,54
2015-10-17,56
2015-10-18,57
2015-10-19,59
2015-10-20,60
2015-10-21,61
2015-10-22,63
2015-10-23,63
2015-10-24,65
2015-10-25,67
2015-10-26,69
2015-10-27,68
2015-10-28,68
2015-10-29,69
2015-10-30,70
2015-10-31,73
2015-11-01,76
2015-11-02,76
2015-11-03,83
2015-11-04,87
2015-11-05,90
2015-11-06,93
2015-11-07,96
2015-11-08,97
2015-11-09,97
2015-11-10,95
2015-11-11,94
2015-11-12,97
2015-11-13,99
2015-11-14,98
2015-11-15,98
2015-11-16,97
2015-11-17,97
2015-11-18,97
2015-11-20,97
2015-11-21,99
2015-11-22,97
2015-11-23,96
2015-11-24,94
2015-11-25,90
2015-11-26,85
2015-11-27,80
2015-11-28,77
2015-11-29,75
2015-11-30,77
2015-12-01,80
2015-12-02,83
2015-12-03,87
2015-12-04,88
2015-12-05,90
2015-12-06,91
2015-12-07,91
2015-12-08,89
2015-12-09,89
2015-12-10,89
2015-12-11,88
2015-12-12,88
2015-12-13,89
2015-12-14,93
2015-12-15,97
2015-12-16,95
2015-12-17,93
2015-12-18,91
2015-12-19,87
2015-12-20,83
2015-12-21,81
2015-12-22,79
2015-12-23,80
2015-12-24,79
2015-12-25,78
2015-12-26,75
2015-12-27,73
2015-12-28,74
2015-12-29,73
2015-12-30,71
2015-12-31,70
2016-01-01,71
2016-01-02,71
2016-01-03,72
2016-01-04,71
2016-01-05,69
2016-01-07,69
2016-01-08,69
2016-01-09,68
2016-01-10,66
2016-01-11,67
2016-01-12,70
2016-01-13,70
2016-01-14,70
2016-01-15,71
2016-01-16,72
2016-01-17,72
2016-01-18,73
2016-01-20,74
2016-01-21,73
2016-01-22,73
2016-01-23,72
2016-01-24,72
2016-01-25,72
2016-01-26,72
2016-01-27,72
2016-01-28,75
2016-01-29,79
2016-01-30,83
2016-01-31,88
2016-02-01,88
2016-02-02,98
2016-02-03,103
2016-02-04,109
2016-02-05,115
2016-02-06,121
2016-02-07,128
2016-02-08,135
2016-02-09,142
2016-02-10,150
2016-02-11,158
2016-02-12,166
2016-02-13,175
2016-02-14,179
2016-02-16,171
2016-02-18,155
2016-02-19,149
2016-02-20,145
2016-02-21,146
2016-02-22,146
2016-02-23,145
2016-02-24,141
2016-02-25,143
2016-02-26,142
2016-02-27,143
2016-02-28,142
2016-02-29,138
2016-03-01,139
2016-03-02,141
2016-03-03,149
2016-03-04,156
2016-03-05,162
2016-03-06,169
2016-03-07,171
2016-03-09,166
2016-03-10,160
2016-03-11,153
2016-03-12,146
2016-03-13,138
2016-03-14,131
2016-03-15,124
2016-03-16,117
2016-03-18,105
2016-03-19,100
2016-03-20,95
2016-03-21,91
2016-03-22,86
2016-03-23,81
2016-03-24,76
2016-03-25,75
2016-03-26,76
2016-03-27,80
2016-03-28,82
2016-03-29,82
2016-03-30,80
2016-03-31,81
2016-04-01,80
2016-04-02,79
2016-04-03,76
2016-04-04,73
2016-04-05,72
2016-04-06,76
2016-04-07,75
2016-04-08,73
2016-04-09,74
2016-04-10,75
2016-04-11,75
2016-04-12,78
2016-04-13,80
2016-04-14,79
2016-04-15,78
2016-04-16,77
2016-04-17,74
2016-04-18,72
2016-04-19,70
2016-04-20,66
2016-04-21,65
2016-04-22,66
2016-04-23,67
2016-04-24,67
2016-04-25,67
2016-04-26,74
2016-04-27,74
2016-04-28,74
2016-04-29,75
2016-04-30,78
2016-05-01,81
2016-05-02,84
2016-05-03,84
2016-05-04,85
2016-05-05,87
2016-05-06,90
2016-05-07,88
2016-05-08,86
2016-05-09,82
2016-05-10,78
2016-05-11,74
2016-05-12,70
2016-05-13,66
2016-05-14,64
2016-05-16,63
2016-05-17,62
2016-05-18,62
2016-05-19,63
2016-05-20,63
2016-05-21,66
2016-05-22,68
2016-05-23,68
2016-05-24,72
2016-05-25,72
2016-05-28,69
2016-05-29,68
2016-05-30,67
2016-05-31,66
2016-06-01,65
2016-06-02,65
2016-06-03,66
2016-06-04,69
2016-06-05,72
2016-06-06,75
2016-06-07,78
2016-06-08,77
2016-06-14,70
2016-06-16,71
2016-06-17,70
2016-06-18,68
2016-06-19,65
2016-06-20,68
2016-06-22,71
2016-06-23,74
2016-06-24,75
2016-06-25,78
2016-06-26,77
2016-06-27,74
2016-06-28,74
2016-06-29,78
2016-06-30,78
2016-07-02,84
2016-07-03,88
2016-07-04,88
2016-07-05,88
2016-07-06,90
2016-07-07,88
2016-07-08,89
2016-07-09,89
2016-07-10,91
2016-07-11,94
2016-07-12,95
2016-07-17,97
2016-07-18,100
2016-07-19,103
2016-07-24,107
2016-07-25,107
2016-08-01,98
2016-08-02,101
2016-08-03,102
2016-08-04,101
2016-08-05,99
2016-08-06,98
2016-08-07,101
2016-08-08,101
2016-08-09,104
2016-08-10,100
2016-08-11,99
2016-08-12,98
2016-08-13,98
2016-08-14,98
2016-08-15,98
2016-08-16,94
2016-08-18,88
2016-08-19,88
2016-08-20,91
2016-08-21,91
2016-08-22,91
2016-08-23,89
2016-08-24,86
2016-08-25,81
2016-08-26,76
2016-08-27,72
2016-08-29,67
2016-08-31,73
2016-09-01,76
2016-09-02,74
2016-09-03,75
2016-09-04,75
2016-09-05,74
2016-09-06,73
2016-09-07,72
2016-09-08,72
2016-09-09,71
2016-09-10,71
2016-09-11,70
2016-09-12,68
2016-09-13,66
2016-09-14,67
2016-09-15,68
2016-09-16,68
2016-09-17,67
2016-09-18,66
2016-09-19,66
2016-09-20,65
2016-09-25,63
2016-09-26,65
2016-09-27,68
2016-09-28,68
2016-09-29,69
2016-10-01,74
2016-10-02,74
2016-10-03,74
2016-10-04,74
2016-10-05,73
2016-10-06,73
2016-10-07,73
2016-10-09,71
2016-10-10,71
2016-10-11,76
2016-10-12,77
2016-10-13,76
2016-10-14,76
2016-10-15,76
2016-10-17,75
2016-10-18,75
2016-10-19,73
2016-10-20,73
2016-10-21,72
2016-10-22,72
2016-10-23,72
2016-10-24,72
2016-10-25,70
2016-10-26,69
2016-10-27,68
2016-10-28,68
2016-10-29,67
2016-10-30,66
2016-10-31,66
2016-11-01,65
2016-11-02,65
2016-11-03,65
2016-11-04,66
2016-11-05,67
2016-11-06,70
2016-11-07,73
2016-11-08,74
2016-11-09,74
2016-11-10,73
2016-11-12,72
2016-11-13,71
2016-11-14,71
2016-11-18,69
2016-11-19,68
2016-11-20,68
2016-11-21,69
2016-11-22,71
2016-11-24,71
2016-11-25,74
2016-11-26,76
2016-11-27,75
2016-11-28,74
2016-11-29,74
2016-11-30,76
2016-12-01,75
2016-12-02,74
2016-12-03,74
2016-12-04,73
2016-12-05,71
2016-12-06,71
2016-12-07,70
2016-12-08,70
2016-12-09,70
2016-12-10,69
2016-12-11,69
2016-12-12,69
2016-12-13,70
2016-12-14,70
2016-12-15,70
2016-12-16,70
2016-12-17,72
2016-12-18,72
2016-12-19,72
2016-12-20,72
2016-12-21,72
2016-12-22,74
2016-12-23,75
2016-12-24,76
2016-12-25,78
2016-12-27,82
2016-12-28,81
2016-12-29,79
2016-12-30,79
2016-12-31,79
2017-01-01,79
2017-01-02,79
2017-01-03,79
2017-01-04,79
2017-01-05,79
2017-01-06,80
2017-01-07,79
2017-01-08,81
2017-01-09,81
2017-01-10,83
2017-01-11,86
2017-01-12,90
2017-01-13,92
2017-01-14,91
2017-01-15,90
2017-01-16,89
2017-01-17,88
2017-01-18,89
2017-01-19,92
2017-01-20,95
2017-01-21,94
2017-01-22,95
2017-01-23,96
2017-01-24,97
2017-01-25,98
2017-01-26,100
2017-01-27,101
2017-01-28,100
2017-01-29,99
2017-01-30,99
2017-01-31,98
2017-02-01,99
2017-02-03,99
2017-02-04,100
2017-02-05,101
2017-02-07,103
2017-02-09,107
2017-02-10,109
2017-02-12,106
2017-02-13,107
2017-02-14,112
2017-02-16,108
2017-02-17,106
2017-02-18,106
2017-02-19,109
2017-02-20,114
2017-02-21,116
2017-02-22,122
2017-02-24,129
2017-02-25,129
2017-02-27,127
2017-02-28,121
2017-03-01,118
2017-03-03,114
2017-03-04,113
2017-03-06,112
2017-03-08,110
2017-03-09,113
2017-03-11,114
2017-03-13,112
2017-03-14,110
2017-03-16,107
2017-03-18,108
2017-03-20,108
2017-03-22,108
2017-03-24,108
2017-03-25,108
2017-03-27,108
2017-03-28,108
2017-03-29,108
2017-03-31,107
2017-04-02,107
2017-04-04,107
2017-04-05,105
2017-04-06,103
2017-04-08,101
2017-04-09,101
2017-04-10,100
2017-04-11,100
2017-04-13,102
2017-04-15,100
2017-04-17,105
2017-04-18,104
2017-04-20,103
2017-04-22,100
2017-04-24,97
2017-04-25,97
2017-04-27,94
2017-04-29,91
2017-05-01,89
2017-05-03,89
2017-05-04,89
2017-05-06,91
2017-05-08,92
2017-05-10,92
2017-05-12,92
2017-05-13,87
2017-05-15,85
2017-05-16,85
2017-05-18,85
2017-05-19,83
2017-05-20,83
2017-05-21,87
2017-05-22,92
2017-05-24,96
2017-05-25,99
2017-05-27,101
2017-05-28,97
2017-05-29,97
2017-05-31,102
2017-06-01,103
2017-06-03,102
2017-06-04,106
2017-06-05,105
2017-06-07,101
2017-06-08,98
2017-06-10,96
2017-06-11,97
2017-06-12,99
2017-06-13,103
2017-06-15,107
2017-06-17,107
2017-06-19,104
2017-06-20,103
2017-06-21,101
2017-06-22,99
2017-06-24,97
2017-06-25,100
2017-06-27,104
2017-06-29,106
2017-07-01,106
2017-07-03,108
2017-07-04,112
2017-07-06,114
2017-07-08,112
2017-07-10,107
2017-07-12,105
2017-07-14,108
2017-07-15,107
2017-07-17,106
2017-07-19,108
2017-07-21,104
2017-07-23,101
2017-07-25,100
2017-07-26,99
2017-07-28,96
2017-07-30,96
2017-07-31,98
2017-08-02,101
2017-08-04,98
2017-08-05,96
2017-08-07,95
2017-08-09,100
2017-08-11,102
2017-08-12,102
2017-08-14,105
2017-08-15,104
2017-08-17,102
2017-08-19,103
2017-08-20,106
2017-08-22,107
2017-08-23,108
2017-08-25,109
2017-08-27,110
2017-08-28,110
2017-08-30,110
2017-09-01,108
2017-09-03,105
2017-09-04,104
2017-09-05,103
2017-09-07,102
2017-09-09,105
2017-09-11,105
2017-09-12,104
2017-09-14,102
2017-09-16,102
2017-09-18,107
2017-09-24,113
2017-09-26,117
2017-09-27,119
2017-09-29,125
2017-09-30,126
2017-10-01,126
2017-10-03,129
2017-10-05,129
2017-10-06,128
2017-10-08,126
2017-10-10,123
2017-10-12,119
2017-10-14,115
2017-10-15,115
2017-10-17,113
2017-10-18,112
2017-10-20,109
2017-10-21,107
2017-10-23,105
2017-10-25,103
2017-10-26,103
2017-10-27,104
2017-10-29,106
2017-10-30,105
2017-11-01,103
2017-11-03,101
2017-11-05,99
2017-11-06,98
2017-11-08,98
2017-11-10,98
2017-11-12,101
2017-11-13,101
2017-11-15,99
2017-11-17,99
2017-11-19,98
2017-11-20,97
2017-11-22,97
2017-11-23,98
2017-11-25,96
2017-11-26,95
2017-11-27,94
2017-11-29,96
2017-11-30,97
2017-12-02,98
2017-12-03,98
2017-12-04,98
2017-12-06,98
2017-12-08,97
2017-12-10,94
2017-12-12,91
2017-12-14,87
2017-12-16,85
2017-12-17,83
2017-12-19,81
2017-12-21,81
2017-12-23,80
2017-12-24,79
2017-12-26,76
2017-12-28,72
2017-12-29,70
2017-12-31,65
2018-01-02,57
2018-01-04,54
2018-01-06,55
2018-01-07,55
2018-01-08,56
2018-01-09,59
2018-01-10,62
2018-01-11,66
2018-01-12,70
2018-01-13,74
2018-01-14,77
2018-01-15,79
2018-01-16,79
2018-01-17,77
2018-01-18,77
2018-01-19,78
2018-01-20,78
2018-01-22,80
2018-01-23,82
2018-01-24,84
2018-01-25,84
2018-01-26,83
2018-01-27,82
2018-01-28,82
2018-01-29,82
2018-01-30,83
2018-01-31,83
2018-02-01,82
2018-02-02,82
2018-02-03,80
2018-02-04,79
2018-02-05,78
2018-02-06,78
2018-02-07,78
2018-02-08,77
2018-02-09,77
2018-02-10,75
2018-02-11,76
2018-02-12,77
2018-02-13,77
2018-02-14,80
2018-02-15,81
2018-02-16,81
2018-02-17,79
2018-02-18,79
2018-02-19,78
2018-02-20,77
2018-02-21,75
2018-02-22,74
2018-02-23,71
2018-02-24,68
2018-02-25,69
2018-02-26,72
2018-02-27,75
2018-02-28,77
2018-03-01,78
2018-03-02,78
2018-03-03,78
2018-03-04,78
2018-03-05,78
2018-03-06,78
2018-03-07,77
2018-03-08,77
2018-03-09,76
2018-03-10,75
2018-03-11,74
2018-03-12,73
2018-03-13,73
2018-03-14,73
2018-03-15,73
2018-03-16,72
2018-03-17,71
2018-03-18,71
2018-03-19,72
2018-03-20,72
2018-03-21,71
2018-03-22,70
2018-03-26,68
2018-03-27,67
2018-03-28,67
2018-03-29,68
2018-03-30,69
2018-03-31,71
2018-04-01,72
2018-04-02,71
2018-04-03,71
2018-04-04,71
2018-04-05,70
2018-04-06,69
2018-04-07,68
2018-04-12,73
2018-04-13,73
2018-04-15,73
2018-04-16,74
2018-04-17,74
2018-04-18,74
2018-04-19,75
2018-04-20,74
2018-04-21,74
2018-04-22,73
2018-04-23,73
2018-04-24,72
2018-04-25,71
2018-04-26,71
2018-04-27,71
2018-04-28,71
2018-04-29,71
2018-04-30,71
2018-05-01,70
2018-05-02,70
2018-05-03,69
2018-05-04,69
2018-05-05,70
2018-05-06,70
2018-05-07,70
2018-05-08,73
2018-05-09,74
2018-05-10,74
2018-05-11,73
2018-05-12,72
2018-05-13,71
2018-05-14,72
2018-05-15,73
2018-05-16,74
2018-05-17,74
2018-05-18,73
2018-05-19,72
2018-05-20,70
2018-05-21,69
2018-05-22,68
2018-05-23,67
2018-05-24,66
2018-05-25,66
2018-05-26,65
2018-05-27,64
2018-05-28,62
2018-05-29,62
2018-05-30,61
2018-05-31,62
2018-06-01,62
2018-06-02,63
2018-06-03,65
2018-06-04,65
2018-06-05,64
2018-06-06,63
2018-06-08,60
2018-06-09,59
2018-06-10,58
2018-06-11,58
2018-06-12,60
2018-06-13,62
2018-06-14,63
2018-06-15,64
2018-06-16,63
2018-06-17,63
2018-06-18,64
2018-06-19,63
2018-06-20,63
2018-06-21,62
2018-06-23,64
2018-06-24,64
2018-06-26,66
2018-06-27,68
2018-06-28,68
2018-06-29,68
2018-06-30,68
2018-07-01,68
2018-07-02,68
2018-07-03,69
2018-07-04,69
2018-07-05,70
2018-07-06,71
2018-07-07,71
2018-07-08,71
2018-07-09,70
2018-07-10,69
2018-07-11,69
2018-07-12,68
2018-07-13,68
2018-07-14,68
2018-07-15,67
2018-07-16,67
2018-07-17,66
2018-07-18,66
2018-07-19,65
2018-07-20,64
2018-07-21,63
2018-07-22,63
2018-07-23,62
2018-07-24,62
2018-07-25,63
2018-07-26,64
2018-07-27,64
2018-07-28,62
2018-07-29,59
2018-07-30,57
2018-07-31,54
2018-08-01,51
2018-08-02,48
2018-08-03,46
2018-08-04,46
2018-08-05,47
2018-08-06,47
2018-08-07,49
2018-08-08,51
2018-08-09,51
2018-08-10,52
2018-08-11,52
2018-08-12,52
2018-08-13,50
2018-08-14,51
2018-08-17,48
2018-08-18,46
2018-08-19,47
2018-08-20,50
2018-08-21,51
2018-08-22,51
2018-08-23,51
2018-08-24,50
2018-08-25,49
2018-08-26,46
2018-08-27,44
2018-08-28,44
2018-08-29,45
2018-08-30,46
2018-08-31,44
2018-09-01,41
2018-09-02,39
2018-09-03,39
2018-09-04,39
2018-09-05,37
2018-09-06,35
2018-09-07,34
2018-09-08,34
2018-09-09,35
2018-09-10,37
2018-09-11,37
2018-09-12,36
2018-09-13,35
2018-09-14,35
2018-09-15,35
2018-09-16,34
2018-09-17,32
2018-09-18,30
2018-09-19,28
2018-09-20,26
2018-09-21,26
2018-09-22,26
2018-09-23,26
2018-09-24,26
2018-09-25,25
2018-09-26,24
2018-09-27,24
2018-09-28,24
2018-09-29,25
2018-09-30,25
2018-10-02,24
2018-10-03,25
2018-10-04,26
2018-10-05,26
2018-10-06,25
2018-10-07,26
2018-10-08,25
2018-10-09,24
2018-10-10,23
2018-10-11,25
2018-10-12,27
2018-10-13,29
2018-10-14,31
2018-10-15,33
2018-10-16,35
2018-10-17,37
2018-10-18,39
2018-10-19,41
2018-10-20,44
2018-10-21,46
2018-10-22,49
2018-10-23,49
2018-10-26,47
2018-10-27,48
2018-10-28,50
2018-10-29,51
2018-10-30,53
2018-10-31,55
2018-11-01,56
2018-11-02,55
2018-11-03,53
2018-11-04,52
2018-11-05,52
2018-11-06,53
2018-11-07,54
2018-11-08,56
2018-11-09,57
2018-11-10,58
2018-11-11,60
2018-11-12,61
2018-11-13,62
2018-11-14,63
2018-11-15,63
2018-11-16,62
2018-11-17,59
2018-11-18,59
2018-11-19,60
2018-11-20,59
2018-11-21,59
2018-11-22,59
2018-11-23,57
2018-11-24,57
2018-11-25,58
2018-11-26,58
2018-11-27,60
2018-11-28,60
2018-11-29,60
2018-11-30,61
2018-12-01,64
2018-12-02,66
2018-12-03,68
2018-12-04,69
2018-12-05,68
2018-12-06,68
2018-12-07,69
2018-12-08,70
2018-12-09,72
2018-12-11,73
2018-12-12,73
2018-12-13,73
2018-12-14,74
2018-12-15,75
2018-12-16,76
2018-12-17,75
2018-12-18,75
2018-12-19,75
2018-12-20,75
2018-12-21,74
2018-12-23,73
2018-12-24,71
2018-12-25,70
2018-12-26,71
2018-12-27,72
2018-12-28,74
2018-12-29,74
2018-12-30,75
2018-12-31,75
2019-01-01,75
2019-01-02,75
2019-01-03,74
2019-01-04,74
2019-01-05,73
2019-01-06,72
2019-01-07,71
2019-01-08,69
2019-01-09,68
2019-01-10,66
2019-01-11,64
2019-01-12,63
2019-01-13,62
2019-01-14,62
2019-01-15,63
2019-01-16,65
2019-01-17,66
2019-01-18,67
2019-01-19,68
2019-01-20,68
2019-01-21,69
2019-01-22,71
2019-01-23,73
2019-01-24,73
2019-01-25,72
2019-01-26,72
2019-01-27,73
2019-01-28,71
2019-01-29,71
2019-01-30,71
2019-01-31,71
2019-02-01,71
2019-02-02,71
2019-02-03,71
2019-02-04,71
2019-02-05,73
2019-02-06,74
2019-02-07,76
2019-02-08,77
2019-02-09,77
2019-02-10,77
2019-02-11,77
2019-02-12,76
2019-02-13,74
2019-02-14,73
2019-02-15,73
2019-02-16,73
2019-02-17,74
2019-02-18,74
2019-02-19,75
2019-02-20,73
2019-02-21,73
2019-02-22,74
2019-02-23,76
2019-02-24,75
2019-02-25,74
2019-02-26,74
2019-02-27,73
2019-02-28,73
2019-03-01,73
2019-03-02,74
2019-03-03,75
2019-03-04,75
2019-03-05,75
2019-03-06,76
2019-03-07,77
2019-03-08,78
2019-03-09,79
2019-03-10,81
2019-03-11,82
2019-03-12,83
2019-03-13,83
2019-03-14,83
2019-03-15,83
2019-03-16,83
2019-03-17,83
2019-03-18,82
2019-03-19,82
2019-03-20,84
2019-03-21,85
2019-03-22,85
2019-03-23,85
2019-03-24,84
2019-03-25,84
2019-03-26,84
2019-03-27,84
2019-03-28,85
2019-03-29,86
2019-03-30,86
2019-03-31,86
2019-04-01,88
2019-04-02,87
2019-04-03,87
2019-04-04,87
2019-04-05,87
2019-04-06,88
2019-04-07,88
2019-04-08,89
2019-04-09,89
2019-04-10,92
2019-04-11,91
2019-04-12,91
2019-04-13,91
2019-04-14,90
2019-04-15,91
2019-04-16,90
2019-04-17,91
2019-04-18,91
2019-04-19,93
2019-04-20,93
2019-04-21,95
2019-04-22,94
2019-04-23,93
2019-04-24,92
2019-04-25,92
2019-04-26,92
2019-04-27,92
2019-04-28,93
2019-04-29,94
2019-04-30,94
2019-05-01,95
2019-05-02,96
2019-05-03,97
2019-05-04,98
2019-05-05,98
2019-05-06,98
2019-05-07,97
2019-05-08,98
2019-05-09,97
2019-05-10,96
2019-05-11,96
2019-05-12,97
2019-05-13,98
2019-05-14,97
2019-05-15,97
2019-05-16,97
2019-05-17,97
2019-05-18,99
2019-05-19,97
2019-05-20,96
2019-05-21,95
2019-05-22,94
2019-05-23,94
2019-05-24,93
2019-05-25,93
2019-05-26,93
2019-05-27,93
2019-05-28,93
2019-05-29,95
2019-05-30,95
2019-05-31,95
2019-06-01,95
2019-06-02,96
2019-06-03,96
2019-06-04,97
2019-06-05,97
2019-06-06,98
2019-06-07,99
2019-06-08,99
2019-06-09,99
2019-06-10,100
2019-06-11,100
2019-06-12,100
2019-06-13,100
2019-06-14,101
2019-06-15,103
2019-06-16,102
2019-06-17,100
2019-06-18,99
2019-06-19,99
2019-06-20,99
2019-06-21,98
2019-06-22,96
2019-06-23,95
2019-06-24,95
2019-06-25,95
2019-06-26,97
2019-06-27,97
2019-06-28,97
2019-06-29,97
2019-06-30,99
2019-07-01,100
2019-07-02,99
2019-07-03,99
2019-07-04,99
2019-07-05,97
2019-07-06,97
2019-07-07,97
2019-07-08,96
2019-07-09,95
2019-07-10,95
2019-07-11,94
2019-07-12,93
2019-07-13,92
2019-07-14,91
2019-07-15,90
2019-07-16,89
2019-07-17,88
2019-07-18,87
2019-07-19,87
2019-07-20,88
2019-07-21,90
2019-07-22,91
2019-07-23,92
2019-07-24,94
2019-07-25,95
2019-07-26,94
2019-07-27,94
2019-07-28,94
2019-07-29,95
2019-07-30,96
2019-07-31,98
2019-08-01,98
2019-08-02,100
2019-08-03,100
2019-08-04,101
2019-08-05,99
2019-08-06,98
2019-08-07,97
2019-08-07,97
2019-08-08,97
2019-08-08,97
2019-08-09,99
2019-08-10,101
2019-08-11,104
2019-08-11,104
2019-08-12,104
2019-08-12,104
2019-08-13,106
2019-08-13,106
2019-08-14,103
2019-08-14,103
2019-08-15,102
2019-08-15,102
2019-08-16,102
2019-08-16,102
2019-08-17,101
2019-08-17,101
2019-08-18,103
2019-08-18,103
2019-08-19,105
2019-08-19,105
2019-08-20,106
2019-08-20,106
2019-08-21,110
2019-08-21,110
2019-08-22,110
2019-08-22,110
2019-08-23,109
2019-08-23,109
2019-08-24,108
2019-08-24,108
2019-08-25,106
2019-08-25,106
2019-08-26,106
2019-08-26,106
2019-08-27,106
2019-08-27,106
2019-08-28,107
2019-08-28,107
2019-08-29,107
2019-08-30,109
2019-08-31,112
2019-09-01,116
2019-09-02,118
2019-09-03,119
2019-09-04,122
2019-09-05,121
2019-09-06,118
2019-09-07,115
2019-09-08,114
2019-09-09,112
2019-09-10,108
2019-09-11,105
2019-09-12,100
2019-09-13,98
2019-09-14,96
2019-09-15,93
2019-09-16,91
2019-09-17,91
2019-09-18,90
2019-09-19,91
2019-09-20,91
2019-09-21,90
2019-09-22,90
2019-09-23,92
2019-09-24,93
2019-09-25,94
2019-09-26,96
2019-09-27,95
2019-09-28,94
2019-09-29,93
2019-09-30,91
2019-10-01,90
2019-10-02,91
2019-10-03,91
2019-10-04,90
2019-10-05,90
2019-10-06,90
2019-10-07,91
2019-10-08,91
2019-10-09,89
2019-10-10,87
2019-10-11,86
2019-10-12,84
2019-10-13,83
2019-10-14,83
2019-10-15,85
2019-10-16,88
2019-10-17,91
2019-10-18,91
2019-10-19,90
2019-10-20,90
2019-10-21,89
2019-10-22,90
2019-10-23,90
2019-10-24,90
2019-10-25,91
2019-10-26,89
2019-10-27,89
2019-10-28,88
2019-10-29,87
2019-10-30,87
2019-10-31,87
2019-11-01,88
2019-11-02,88
2019-11-03,88
2019-11-04,88
2019-11-05,89
2019-11-06,88
2019-11-07,88
2019-11-08,87
2019-11-09,86
2019-11-10,87
2019-11-11,88
2019-11-12,88
2019-11-13,89
2019-11-14,90
2019-11-15,90
2019-11-16,91
2019-11-17,91
2019-11-18,90
2019-11-19,89
2019-11-20,88
2019-11-21,86
2019-11-22,87
2019-11-23,86
2019-11-24,88
2019-11-25,86
2019-11-26,87
2019-11-27,85
2019-11-28,83
2019-11-29,83
2019-11-30,82
2019-12-01,82
2019-12-02,81
2019-12-03,80
2019-12-04,79
2019-12-05,78
2019-12-06,77
2019-12-07,75
2019-12-08,73
2019-12-09,73
2019-12-10,76
2019-12-11,77
2019-12-12,77
2019-12-13,77
2019-12-14,78
2019-12-15,80
2019-12-16,82
2019-12-17,86
2019-12-18,87
2019-12-19,86
2019-12-20,87
2019-12-21,88
2019-12-22,89
2019-12-23,90
2019-12-24,89
2019-12-25,89
2019-12-26,89
2019-12-27,89
2019-12-28,89
2019-12-29,89
2019-12-30,89
2019-12-31,90
2020-01-01,90
2020-01-02,89
2020-01-03,89
2020-01-04,91
2020-01-05,91
2020-01-06,91
2020-01-07,92
2020-01-08,93
2020-01-09,93
2020-01-10,92
2020-01-11,93
2020-01-12,93
2020-01-13,94
2020-01-14,93
2020-01-15,94
2020-01-16,93
2020-01-17,92
2020-01-18,92
2020-01-19,90
2020-01-20,89
2020-01-21,87
2020-01-22,84
2020-01-23,82
2020-01-24,80
2020-01-25,78
2020-01-26,77
2020-01-27,76
2020-01-28,78
2020-01-29,79
2020-01-30,80
2020-01-31,83
2020-02-01,81
2020-02-02,81
2020-02-03,80
2020-02-04,79
2020-02-05,79
2020-02-06,78
2020-02-07,78
2020-02-08,79
2020-02-09,79
2020-02-10,80
2020-02-11,81
2020-02-12,81
2020-02-13,81
2020-02-14,81
2020-02-15,80
2020-02-16,79
2020-02-17,79
2020-02-18,79
2020-02-19,78
2020-02-20,78
2020-02-21,77
2020-02-22,76
2020-02-23,75
2020-02-24,74
2020-02-25,75
2020-02-26,76
2020-02-27,76
2020-02-28,76
2020-02-29,75
2020-03-01,75
2020-03-02,76
2020-03-03,78
2020-03-04,78
2020-03-05,77
2020-03-06,77
2020-03-07,76
2020-03-08,77
2020-03-09,77
2020-03-10,77
2020-03-11,77
2020-03-12,79
2020-03-13,79
2020-03-14,80
2020-03-15,79
2020-03-16,79
2020-03-17,79
2020-03-18,79
2020-03-19,80
2020-03-20,82
2020-03-21,84
2020-03-22,84
2020-03-23,83
2020-03-24,83
2020-03-25,84
2020-03-26,86
2020-03-27,87
2020-03-28,89
2020-03-29,92
2020-03-30,92
2020-03-31,91
2020-04-01,89
2020-04-02,88
2020-04-03,86
2020-04-04,85
2020-04-05,84
2020-04-06,83
2020-04-07,82
2020-04-08,82
2020-04-09,82
2020-04-10,81
2020-04-11,81
2020-04-12,81
2020-04-13,83
2020-04-14,85
2020-04-15,85
2020-04-16,85
2020-04-17,83
2020-04-18,84
2020-04-19,85
2020-04-20,85
2020-04-21,86
2020-04-22,88
2020-04-23,90
2020-04-24,91
2020-04-25,93
2020-04-26,94
2020-04-27,95
2020-04-28,94
2020-04-29,96
2020-04-30,97
2020-05-01,97
2020-05-02,98
2020-05-03,98
2020-05-04,97
2020-05-05,95
2020-05-06,94
2020-05-07,94
2020-05-08,95
2020-05-09,96
2020-05-10,97
2020-05-11,98
2020-05-12,100
2020-05-13,100
2020-05-14,102
2020-05-15,102
2020-05-16,104
2020-05-17,107
2020-05-18,110
2020-05-19,114
2020-05-20,117
2020-05-21,117
2020-05-22,119
2020-05-23,120
2020-05-24,120
2020-05-25,121
2020-05-26,126
2020-05-27,132
2020-05-28,136
2020-05-29,139
2020-05-30,138
2020-05-31,141
2020-06-01,143
2020-06-02,143
2020-06-03,144
2020-06-04,145
2020-06-05,148
2020-06-06,152
2020-06-07,155
2020-06-08,159
2020-06-09,162
2020-06-10,166
2020-06-11,168
2020-06-12,167
2020-06-13,166
2020-06-14,166
2020-06-15,167
2020-06-16,165
2020-06-17,162
2020-06-18,160
2020-06-19,159
2020-06-20,159
2020-06-21,159
2020-06-22,161
2020-06-23,163
2020-06-24,164
2020-06-25,168
2020-06-26,170
2020-06-27,165
2020-06-28,162
2020-06-29,159
2020-06-30,157
2020-07-01,157
2020-07-02,157
2020-07-03,156
2020-07-04,155
2020-07-05,156
2020-07-06,154
2020-07-07,152
2020-07-08,148
2020-07-09,145
2020-07-10,142
2020-07-11,139
2020-07-12,137
2020-07-13,135
2020-07-14,134
2020-07-15,132
2020-07-16,131
2020-07-17,128
2020-07-18,126
2020-07-19,125
2020-07-20,123
2020-07-21,121
2020-07-22,120
2020-07-23,119
2020-07-24,117
2020-07-25,118
2020-07-26,121
2020-07-27,124
2020-07-28,127
2020-07-29,131
2020-07-30,134
2020-07-31,134
2020-08-01,134
2020-08-02,135
2020-08-03,138
2020-08-04,140
2020-08-05,141
2020-08-06,142
2020-08-07,144
2020-08-08,143
2020-08-09,141
2020-08-10,140
2020-08-11,139
2020-08-12,139
2020-08-13,138
2020-08-14,139
2020-08-15,139
2020-08-16,143
2020-08-17,148
2020-08-18,152
2020-08-19,155
2020-08-20,159
2020-08-21,162
2020-08-22,164
2020-08-23,166
2020-08-24,169
2020-08-25,171
2020-08-26,169
2020-08-27,166
2020-08-28,163
2020-08-29,160
2020-08-30,159
2020-08-31,156
2020-09-01,154
2020-09-02,152
2020-09-03,151
2020-09-04,150
2020-09-05,150
2020-09-06,149
2020-09-07,147
2020-09-08,143
2020-09-09,140
2020-09-10,136
2020-09-11,132
2020-09-12,129
2020-09-13,127
2020-09-14,125
2020-09-15,125
2020-09-16,125
2020-09-17,127
2020-09-18,129
2020-09-19,130
2020-09-20,133
2020-09-21,134
2020-09-22,133
2020-09-23,132
2020-09-24,132
2020-09-25,133
2020-09-26,135
2020-09-27,138
2020-09-28,141
2020-09-29,144
2020-09-30,146
2020-10-01,148
2020-10-02,149
2020-10-03,149
2020-10-04,148
2020-10-05,147
2020-10-06,147
2020-10-07,147
2020-10-08,147
2020-10-09,147
2020-10-10,147
2020-10-11,147
2020-10-12,147
2020-10-13,147
2020-10-14,148
2020-10-15,148
2020-10-16,149
2020-10-17,149
2020-10-18,150
2020-10-19,151
2020-10-20,152
2020-10-21,151
2020-10-22,149
2020-10-23,146
2020-10-24,144
2020-10-25,142
2020-10-26,141
2020-10-27,142
2020-10-28,140
2020-10-29,142
2020-10-30,143
2020-10-31,143
2020-11-01,143
2020-11-02,144
2020-11-03,145
2020-11-04,145
2020-11-05,144
2020-11-06,143
2020-11-07,141
2020-11-08,140
2020-11-09,139
2020-11-10,139
2020-11-11,139
2020-11-12,141
2020-11-13,140
2020-11-14,141
2020-11-15,142
2020-11-16,143
2020-11-17,143
2020-11-18,143
2020-11-19,144
2020-11-20,145
2020-11-21,146
2020-11-22,149
2020-11-23,153
2020-11-24,154
2020-11-25,154
